[{"@type":"fileRecord","id":"@3","name":"fault","type":"XSD","size":6622,"attachTime":1688725378000},{"@type":"fileRecord","id":"@2","name":"extension","type":"XML","size":35767,"attachTime":1688725378000},{"@type":"fileRecord","id":"@5","name":"request","type":"XSD","size":7428,"attachTime":1688725378000},{"@type":"fileRecord","id":"@6","name":"response","type":"XSD","size":15588,"attachTime":1688725378000},{"@type":"fileRecord","id":"@4","name":"metadata","type":"JSON","size":8409,"attachTime":1688725378000}]