[{"@type":"mappingTemplate","id":"@1","name":"case_04512434_checkin - Copy 1","description":"","bundleVersion":"0","templateId":"@3","deployTime":1688728943000,"hasParameters":false,"valid":true,"fixedConnection":true,"hasParametersDeployed":false,"fixedConnectionDeployed":true,"isSchemaValidationEnabled":false,"tasks":1,"mappingPreviewFileRecordId":"@2","documentType":"MAPPING","references":[{"@type":"reference","refObjectId":"@fHgg0SvThk4geg1xs3JSO0","refType":"connection"},{"@type":"reference","refObjectId":"@aEHdDxvWvYYldUGViekB8c@rm_swagger_login","refType":"businessOperation"},{"@type":"reference","refObjectId":"@aEHdDxvWvYYldUGViekB8c","refType":"businessService"},{"@type":"reference","refObjectId":"@9sAcRS0qCgZkly8gQ4bHMQ","refType":"connection"}]}]